ISO 8601 Time,Dissolved Oxygen (mg/l),Dissolved Oxygen (%),DO Temperature (C),latitude_stop,longitude_stop,latitude_start,longitude_start,logger_sn,trip_id
2020-05-20T17:43:44.000,9.66,90.99,12.66,46.038055,-123.954038,45.969025,-123.980447,2002002,43204178-2eeb-47f1-bd3e-8e22236a5d80
2020-05-20T17:58:44.000,9.58,89.89,12.48,46.038055,-123.954038,45.969025,-123.980447,2002002,43204178-2eeb-47f1-bd3e-8e22236a5d80
2020-05-20T18:13:44.000,9.61,90.08,12.45,46.038055,-123.954038,45.969025,-123.980447,2002002,43204178-2eeb-47f1-bd3e-8e22236a5d80
2020-05-20T18:28:44.000,9.65,90.5,12.46,46.038055,-123.954038,45.969025,-123.980447,2002002,43204178-2eeb-47f1-bd3e-8e22236a5d80
2020-05-20T18:43:44.000,8.21,76.91,12.44,46.038055,-123.954038,45.969025,-123.980447,2002002,43204178-2eeb-47f1-bd3e-8e22236a5d80
2020-05-20T18:58:44.000,9.61,90.18,12.52,46.038055,-123.954038,45.969025,-123.980447,2002002,43204178-2eeb-47f1-bd3e-8e22236a5d80
2020-05-20T19:13:44.000,9.58,90.13,12.59,46.038055,-123.954038,45.969025,-123.980447,2002002,43204178-2eeb-47f1-bd3e-8e22236a5d80
2020-05-20T19:28:44.000,9.63,90.65,12.63,46.038055,-123.954038,45.969025,-123.980447,2002002,43204178-2eeb-47f1-bd3e-8e22236a5d80
2020-05-20T19:43:44.000,9.63,90.65,12.66,46.038055,-123.954038,45.969025,-123.980447,2002002,43204178-2eeb-47f1-bd3e-8e22236a5d80
2020-05-20T19:58:44.000,9.72,91.64,12.7,46.038055,-123.954038,45.969025,-123.980447,2002002,43204178-2eeb-47f1-bd3e-8e22236a5d80
2020-05-20T20:13:44.000,9.8,92.48,12.76,46.038055,-123.954038,45.969025,-123.980447,2002002,43204178-2eeb-47f1-bd3e-8e22236a5d80
2020-05-20T20:28:44.000,9.89,93.66,12.89,46.038055,-123.954038,45.969025,-123.980447,2002002,43204178-2eeb-47f1-bd3e-8e22236a5d80
2020-05-20T20:43:44.000,9.95,94.31,12.92,46.038055,-123.954038,45.969025,-123.980447,2002002,43204178-2eeb-47f1-bd3e-8e22236a5d80
2020-05-20T20:58:44.000,10.08,95.61,12.99,46.038055,-123.954038,45.969025,-123.980447,2002002,43204178-2eeb-47f1-bd3e-8e22236a5d80
2020-05-20T21:13:44.000,10.09,95.83,13.04,46.038055,-123.954038,45.969025,-123.980447,2002002,43204178-2eeb-47f1-bd3e-8e22236a5d80
2020-05-20T21:28:44.000,10.03,95.6,13.18,46.038055,-123.954038,45.969025,-123.980447,2002002,43204178-2eeb-47f1-bd3e-8e22236a5d80
2020-05-20T21:43:44.000,10.07,95.99,13.2,46.038055,-123.954038,45.969025,-123.980447,2002002,43204178-2eeb-47f1-bd3e-8e22236a5d80
2020-05-20T21:58:44.000,10.09,96.24,13.23,46.038055,-123.954038,45.969025,-123.980447,2002002,43204178-2eeb-47f1-bd3e-8e22236a5d80
2020-05-20T22:13:44.000,10.08,96.14,13.24,46.038055,-123.954038,45.969025,-123.980447,2002002,43204178-2eeb-47f1-bd3e-8e22236a5d80
2020-05-20T22:28:44.000,10.07,96.06,13.22,46.038055,-123.954038,45.969025,-123.980447,2002002,43204178-2eeb-47f1-bd3e-8e22236a5d80
2020-05-20T22:43:44.000,10.11,96.33,13.2,46.038055,-123.954038,45.969025,-123.980447,2002002,43204178-2eeb-47f1-bd3e-8e22236a5d80
2020-05-20T22:58:44.000,10.14,96.61,13.18,46.038055,-123.954038,45.969025,-123.980447,2002002,43204178-2eeb-47f1-bd3e-8e22236a5d80
2020-05-20T23:13:44.000,10.14,96.58,13.15,46.038055,-123.954038,45.969025,-123.980447,2002002,43204178-2eeb-47f1-bd3e-8e22236a5d80
2020-05-20T23:28:44.000,10.16,96.6,13.08,46.038055,-123.954038,45.969025,-123.980447,2002002,43204178-2eeb-47f1-bd3e-8e22236a5d80
2020-05-20T23:43:44.000,10.12,96.12,13.04,46.038055,-123.954038,45.969025,-123.980447,2002002,43204178-2eeb-47f1-bd3e-8e22236a5d80
2020-05-20T23:58:44.000,10.13,96.21,13.02,46.038055,-123.954038,45.969025,-123.980447,2002002,43204178-2eeb-47f1-bd3e-8e22236a5d80
2020-05-21T00:13:44.000,10.11,95.96,13.01,46.038055,-123.954038,45.969025,-123.980447,2002002,43204178-2eeb-47f1-bd3e-8e22236a5d80
2020-05-21T00:28:44.000,10.13,96.14,12.99,46.038055,-123.954038,45.969025,-123.980447,2002002,43204178-2eeb-47f1-bd3e-8e22236a5d80
2020-05-21T00:43:44.000,10.11,95.88,12.97,46.038055,-123.954038,45.969025,-123.980447,2002002,43204178-2eeb-47f1-bd3e-8e22236a5d80
2020-05-21T00:58:44.000,10.14,96.14,12.95,46.038055,-123.954038,45.969025,-123.980447,2002002,43204178-2eeb-47f1-bd3e-8e22236a5d80
2020-05-21T01:13:44.000,10.14,96.04,12.92,46.038055,-123.954038,45.969025,-123.980447,2002002,43204178-2eeb-47f1-bd3e-8e22236a5d80
2020-05-21T01:28:44.000,10.1,95.7,12.92,46.038055,-123.954038,45.969025,-123.980447,2002002,43204178-2eeb-47f1-bd3e-8e22236a5d80
2020-05-21T01:43:44.000,10.09,95.59,12.9,46.038055,-123.954038,45.969025,-123.980447,2002002,43204178-2eeb-47f1-bd3e-8e22236a5d80
2020-05-21T01:58:44.000,10.08,95.43,12.88,46.038055,-123.954038,45.969025,-123.980447,2002002,43204178-2eeb-47f1-bd3e-8e22236a5d80
2020-05-21T02:13:44.000,10.05,94.99,12.83,46.038055,-123.954038,45.969025,-123.980447,2002002,43204178-2eeb-47f1-bd3e-8e22236a5d80
2020-05-21T02:28:44.000,10.04,94.78,12.76,46.038055,-123.954038,45.969025,-123.980447,2002002,43204178-2eeb-47f1-bd3e-8e22236a5d80
2020-05-21T02:43:44.000,9.3,87.61,12.67,46.038055,-123.954038,45.969025,-123.980447,2002002,43204178-2eeb-47f1-bd3e-8e22236a5d80
2020-05-21T02:58:44.000,9.97,93.91,12.67,46.038055,-123.954038,45.969025,-123.980447,2002002,43204178-2eeb-47f1-bd3e-8e22236a5d80
2020-05-21T03:13:44.000,9.92,93.35,12.61,46.038055,-123.954038,45.969025,-123.980447,2002002,43204178-2eeb-47f1-bd3e-8e22236a5d80
2020-05-21T03:28:44.000,9.93,93.46,12.63,46.038055,-123.954038,45.969025,-123.980447,2002002,43204178-2eeb-47f1-bd3e-8e22236a5d80
2020-05-21T03:43:44.000,9.87,92.8,12.56,46.038055,-123.954038,45.969025,-123.980447,2002002,43204178-2eeb-47f1-bd3e-8e22236a5d80
2020-05-21T03:58:44.000,9.84,92.35,12.49,46.038055,-123.954038,45.969025,-123.980447,2002002,43204178-2eeb-47f1-bd3e-8e22236a5d80
2020-05-21T04:13:44.000,9.8,91.81,12.43,46.038055,-123.954038,45.969025,-123.980447,2002002,43204178-2eeb-47f1-bd3e-8e22236a5d80
2020-05-21T04:28:44.000,9.77,91.48,12.4,46.038055,-123.954038,45.969025,-123.980447,2002002,43204178-2eeb-47f1-bd3e-8e22236a5d80
2020-05-21T04:43:44.000,9.74,91.2,12.4,46.038055,-123.954038,45.969025,-123.980447,2002002,43204178-2eeb-47f1-bd3e-8e22236a5d80
2020-05-21T04:58:44.000,9.67,90.5,12.4,46.038055,-123.954038,45.969025,-123.980447,2002002,43204178-2eeb-47f1-bd3e-8e22236a5d80
2020-05-21T05:13:44.000,9.72,91.05,12.4,46.038055,-123.954038,45.969025,-123.980447,2002002,43204178-2eeb-47f1-bd3e-8e22236a5d80
2020-05-21T05:28:44.000,9.56,89.47,12.4,46.038055,-123.954038,45.969025,-123.980447,2002002,43204178-2eeb-47f1-bd3e-8e22236a5d80
2020-05-21T05:43:44.000,9.66,90.46,12.4,46.038055,-123.954038,45.969025,-123.980447,2002002,43204178-2eeb-47f1-bd3e-8e22236a5d80
2020-05-21T05:58:44.000,9.65,90.4,12.4,46.038055,-123.954038,45.969025,-123.980447,2002002,43204178-2eeb-47f1-bd3e-8e22236a5d80
2020-05-21T06:13:44.000,9.65,90.32,12.39,46.038055,-123.954038,45.969025,-123.980447,2002002,43204178-2eeb-47f1-bd3e-8e22236a5d80
2020-05-21T06:28:44.000,9.64,90.21,12.38,46.038055,-123.954038,45.969025,-123.980447,2002002,43204178-2eeb-47f1-bd3e-8e22236a5d80
2020-05-21T06:43:44.000,9.6,89.78,12.36,46.038055,-123.954038,45.969025,-123.980447,2002002,43204178-2eeb-47f1-bd3e-8e22236a5d80
2020-05-21T06:58:44.000,9.56,89.37,12.33,46.038055,-123.954038,45.969025,-123.980447,2002002,43204178-2eeb-47f1-bd3e-8e22236a5d80
2020-05-21T07:13:44.000,9.56,89.33,12.33,46.038055,-123.954038,45.969025,-123.980447,2002002,43204178-2eeb-47f1-bd3e-8e22236a5d80
2020-05-21T07:28:44.000,5.52,51.59,12.33,46.038055,-123.954038,45.969025,-123.980447,2002002,43204178-2eeb-47f1-bd3e-8e22236a5d80
2020-05-21T07:43:44.000,9.58,89.54,12.33,46.038055,-123.954038,45.969025,-123.980447,2002002,43204178-2eeb-47f1-bd3e-8e22236a5d80
2020-05-21T07:58:44.000,0.62,5.79,12.35,46.038055,-123.954038,45.969025,-123.980447,2002002,43204178-2eeb-47f1-bd3e-8e22236a5d80
2020-05-21T08:13:44.000,3.78,35.35,12.38,46.038055,-123.954038,45.969025,-123.980447,2002002,43204178-2eeb-47f1-bd3e-8e22236a5d80
2020-05-21T08:28:44.000,4.76,44.61,12.44,46.038055,-123.954038,45.969025,-123.980447,2002002,43204178-2eeb-47f1-bd3e-8e22236a5d80
2020-05-21T08:43:44.000,4.94,46.3,12.47,46.038055,-123.954038,45.969025,-123.980447,2002002,43204178-2eeb-47f1-bd3e-8e22236a5d80
2020-05-21T08:58:44.000,4.51,42.29,12.51,46.038055,-123.954038,45.969025,-123.980447,2002002,43204178-2eeb-47f1-bd3e-8e22236a5d80
2020-05-21T09:13:44.000,3.75,35.23,12.53,46.038055,-123.954038,45.969025,-123.980447,2002002,43204178-2eeb-47f1-bd3e-8e22236a5d80
2020-05-21T09:28:44.000,2.94,27.61,12.56,46.038055,-123.954038,45.969025,-123.980447,2002002,43204178-2eeb-47f1-bd3e-8e22236a5d80
2020-05-21T09:43:44.000,2.82,26.52,12.58,46.038055,-123.954038,45.969025,-123.980447,2002002,43204178-2eeb-47f1-bd3e-8e22236a5d80
2020-05-21T09:58:44.000,4.15,39.03,12.6,46.038055,-123.954038,45.969025,-123.980447,2002002,43204178-2eeb-47f1-bd3e-8e22236a5d80
2020-05-21T10:13:44.000,4.48,42.16,12.59,46.038055,-123.954038,45.969025,-123.980447,2002002,43204178-2eeb-47f1-bd3e-8e22236a5d80
2020-05-21T10:28:44.000,5.56,52.33,12.59,46.038055,-123.954038,45.969025,-123.980447,2002002,43204178-2eeb-47f1-bd3e-8e22236a5d80
2020-05-21T10:43:44.000,4.75,44.66,12.6,46.038055,-123.954038,45.969025,-123.980447,2002002,43204178-2eeb-47f1-bd3e-8e22236a5d80
2020-05-21T10:58:44.000,5.39,50.73,12.62,46.038055,-123.954038,45.969025,-123.980447,2002002,43204178-2eeb-47f1-bd3e-8e22236a5d80
2020-05-21T11:13:44.000,4.4,41.47,12.66,46.038055,-123.954038,45.969025,-123.980447,2002002,43204178-2eeb-47f1-bd3e-8e22236a5d80
2020-05-21T11:28:44.000,5.61,52.88,12.67,46.038055,-123.954038,45.969025,-123.980447,2002002,43204178-2eeb-47f1-bd3e-8e22236a5d80
2020-05-21T11:43:44.000,4.35,41.04,12.72,46.038055,-123.954038,45.969025,-123.980447,2002002,43204178-2eeb-47f1-bd3e-8e22236a5d80
2020-05-21T11:58:44.000,3.79,35.72,12.74,46.038055,-123.954038,45.969025,-123.980447,2002002,43204178-2eeb-47f1-bd3e-8e22236a5d80
2020-05-21T12:13:44.000,3.63,34.2,12.72,46.038055,-123.954038,45.969025,-123.980447,2002002,43204178-2eeb-47f1-bd3e-8e22236a5d80
2020-05-21T12:28:44.000,2.18,20.58,12.72,46.038055,-123.954038,45.969025,-123.980447,2002002,43204178-2eeb-47f1-bd3e-8e22236a5d80
2020-05-21T12:43:44.000,6.77,63.87,12.71,46.038055,-123.954038,45.969025,-123.980447,2002002,43204178-2eeb-47f1-bd3e-8e22236a5d80
2020-05-21T12:58:44.000,5.08,47.83,12.69,46.038055,-123.954038,45.969025,-123.980447,2002002,43204178-2eeb-47f1-bd3e-8e22236a5d80
2020-05-21T13:13:44.000,3.67,34.62,12.68,46.038055,-123.954038,45.969025,-123.980447,2002002,43204178-2eeb-47f1-bd3e-8e22236a5d80
2020-05-21T13:28:44.000,5.3,49.93,12.67,46.038055,-123.954038,45.969025,-123.980447,2002002,43204178-2eeb-47f1-bd3e-8e22236a5d80
2020-05-21T13:43:44.000,6.17,58.16,12.67,46.038055,-123.954038,45.969025,-123.980447,2002002,43204178-2eeb-47f1-bd3e-8e22236a5d80
2020-05-21T13:58:44.000,6.54,61.64,12.67,46.038055,-123.954038,45.969025,-123.980447,2002002,43204178-2eeb-47f1-bd3e-8e22236a5d80
2020-05-21T14:13:44.000,7.41,69.21,12.31,46.038055,-123.954038,45.969025,-123.980447,2002002,43204178-2eeb-47f1-bd3e-8e22236a5d80
2020-05-21T14:28:44.000,7.98,74.42,12.21,46.038055,-123.954038,45.969025,-123.980447,2002002,43204178-2eeb-47f1-bd3e-8e22236a5d80
2020-05-21T14:43:44.000,8.31,77.46,12.21,46.038055,-123.954038,45.969025,-123.980447,2002002,43204178-2eeb-47f1-bd3e-8e22236a5d80
2020-05-21T14:58:44.000,8.44,78.71,12.21,46.038055,-123.954038,45.969025,-123.980447,2002002,43204178-2eeb-47f1-bd3e-8e22236a5d80
2020-05-21T15:13:44.000,8.54,79.52,12.17,46.038055,-123.954038,45.969025,-123.980447,2002002,43204178-2eeb-47f1-bd3e-8e22236a5d80
2020-05-21T15:28:44.000,8.77,81.62,12.15,46.038055,-123.954038,45.969025,-123.980447,2002002,43204178-2eeb-47f1-bd3e-8e22236a5d80
2020-05-21T15:43:44.000,9.09,84.57,12.13,46.038055,-123.954038,45.969025,-123.980447,2002002,43204178-2eeb-47f1-bd3e-8e22236a5d80
2020-05-21T15:58:44.000,9.17,85.32,12.12,46.038055,-123.954038,45.969025,-123.980447,2002002,43204178-2eeb-47f1-bd3e-8e22236a5d80
2020-05-21T16:13:44.000,9.18,85,11.89,46.038055,-123.954038,45.969025,-123.980447,2002002,43204178-2eeb-47f1-bd3e-8e22236a5d80
2020-05-21T16:28:44.000,9.01,83.21,11.8,46.038055,-123.954038,45.969025,-123.980447,2002002,43204178-2eeb-47f1-bd3e-8e22236a5d80
2020-05-21T16:43:44.000,9.02,83.17,11.74,46.038055,-123.954038,45.969025,-123.980447,2002002,43204178-2eeb-47f1-bd3e-8e22236a5d80
2020-05-21T16:58:44.000,9.04,83.4,11.75,46.038055,-123.954038,45.969025,-123.980447,2002002,43204178-2eeb-47f1-bd3e-8e22236a5d80
2020-05-21T17:13:44.000,8.32,76.69,11.73,46.038055,-123.954038,45.969025,-123.980447,2002002,43204178-2eeb-47f1-bd3e-8e22236a5d80
2020-05-21T17:28:44.000,7.19,66.34,11.74,46.038055,-123.954038,45.969025,-123.980447,2002002,43204178-2eeb-47f1-bd3e-8e22236a5d80
2020-05-21T17:43:44.000,6.25,57.66,11.75,46.038055,-123.954038,45.969025,-123.980447,2002002,43204178-2eeb-47f1-bd3e-8e22236a5d80
2020-05-21T17:58:44.000,7.74,71.39,11.75,46.038055,-123.954038,45.969025,-123.980447,2002002,43204178-2eeb-47f1-bd3e-8e22236a5d80
2020-05-21T18:13:44.000,8.55,78.9,11.75,46.038055,-123.954038,45.969025,-123.980447,2002002,43204178-2eeb-47f1-bd3e-8e22236a5d80
2020-05-21T18:28:44.000,7.82,72.15,11.76,46.038055,-123.954038,45.969025,-123.980447,2002002,43204178-2eeb-47f1-bd3e-8e22236a5d80
2020-05-21T18:43:44.000,8.59,79.29,11.78,46.038055,-123.954038,45.969025,-123.980447,2002002,43204178-2eeb-47f1-bd3e-8e22236a5d80
2020-05-21T18:58:44.000,6.66,61.6,11.85,46.038055,-123.954038,45.969025,-123.980447,2002002,43204178-2eeb-47f1-bd3e-8e22236a5d80
2020-05-21T19:13:44.000,4.49,41.63,12,46.038055,-123.954038,45.969025,-123.980447,2002002,43204178-2eeb-47f1-bd3e-8e22236a5d80
2020-05-21T19:28:44.000,3.82,35.54,12.1,46.038055,-123.954038,45.969025,-123.980447,2002002,43204178-2eeb-47f1-bd3e-8e22236a5d80
2020-05-21T19:43:44.000,4.65,43.24,12.1,46.038055,-123.954038,45.969025,-123.980447,2002002,43204178-2eeb-47f1-bd3e-8e22236a5d80
2020-05-21T19:58:44.000,6.5,60.5,12.12,46.038055,-123.954038,45.969025,-123.980447,2002002,43204178-2eeb-47f1-bd3e-8e22236a5d80
2020-05-21T20:13:44.000,6.71,62.48,12.15,46.038055,-123.954038,45.969025,-123.980447,2002002,43204178-2eeb-47f1-bd3e-8e22236a5d80
2020-05-21T20:28:44.000,8.05,75.03,12.2,46.038055,-123.954038,45.969025,-123.980447,2002002,43204178-2eeb-47f1-bd3e-8e22236a5d80
2020-05-21T20:43:44.000,7.68,71.58,12.21,46.038055,-123.954038,45.969025,-123.980447,2002002,43204178-2eeb-47f1-bd3e-8e22236a5d80
2020-05-21T20:58:44.000,6.5,60.66,12.24,46.038055,-123.954038,45.969025,-123.980447,2002002,43204178-2eeb-47f1-bd3e-8e22236a5d80
2020-05-21T21:13:44.000,8.93,83.39,12.26,46.038055,-123.954038,45.969025,-123.980447,2002002,43204178-2eeb-47f1-bd3e-8e22236a5d80
2020-05-21T21:28:44.000,8.72,81.48,12.31,46.038055,-123.954038,45.969025,-123.980447,2002002,43204178-2eeb-47f1-bd3e-8e22236a5d80
2020-05-21T21:43:44.000,8,74.85,12.37,46.038055,-123.954038,45.969025,-123.980447,2002002,43204178-2eeb-47f1-bd3e-8e22236a5d80
2020-05-21T21:58:44.000,7.23,67.97,12.6,46.038055,-123.954038,45.969025,-123.980447,2002002,43204178-2eeb-47f1-bd3e-8e22236a5d80
2020-05-21T22:13:44.000,7.19,67.68,12.64,46.038055,-123.954038,45.969025,-123.980447,2002002,43204178-2eeb-47f1-bd3e-8e22236a5d80
2020-05-21T22:28:44.000,6.86,64.61,12.65,46.038055,-123.954038,45.969025,-123.980447,2002002,43204178-2eeb-47f1-bd3e-8e22236a5d80
2020-05-21T22:43:44.000,9,84.89,12.72,46.038055,-123.954038,45.969025,-123.980447,2002002,43204178-2eeb-47f1-bd3e-8e22236a5d80
2020-05-21T22:58:44.000,8.52,80.46,12.77,46.038055,-123.954038,45.969025,-123.980447,2002002,43204178-2eeb-47f1-bd3e-8e22236a5d80
2020-05-21T23:13:44.000,7.11,67.09,12.76,46.038055,-123.954038,45.969025,-123.980447,2002002,43204178-2eeb-47f1-bd3e-8e22236a5d80
2020-05-21T23:28:44.000,5.92,55.79,12.72,46.038055,-123.954038,45.969025,-123.980447,2002002,43204178-2eeb-47f1-bd3e-8e22236a5d80
2020-05-21T23:43:44.000,7.66,72.23,12.72,46.038055,-123.954038,45.969025,-123.980447,2002002,43204178-2eeb-47f1-bd3e-8e22236a5d80
2020-05-21T23:58:44.000,9.17,86.41,12.68,46.038055,-123.954038,45.969025,-123.980447,2002002,43204178-2eeb-47f1-bd3e-8e22236a5d80
2020-05-22T00:13:44.000,9.49,89.37,12.64,46.038055,-123.954038,45.969025,-123.980447,2002002,43204178-2eeb-47f1-bd3e-8e22236a5d80
2020-05-22T00:28:44.000,9.5,89.41,12.63,46.038055,-123.954038,45.969025,-123.980447,2002002,43204178-2eeb-47f1-bd3e-8e22236a5d80
2020-05-22T00:43:44.000,9.57,90.05,12.6,46.038055,-123.954038,45.969025,-123.980447,2002002,43204178-2eeb-47f1-bd3e-8e22236a5d80
2020-05-22T00:58:44.000,9.58,90.12,12.61,46.038055,-123.954038,45.969025,-123.980447,2002002,43204178-2eeb-47f1-bd3e-8e22236a5d80
2020-05-22T01:13:44.000,9.51,89.47,12.61,46.038055,-123.954038,45.969025,-123.980447,2002002,43204178-2eeb-47f1-bd3e-8e22236a5d80
2020-05-22T01:28:44.000,9.54,89.75,12.62,46.038055,-123.954038,45.969025,-123.980447,2002002,43204178-2eeb-47f1-bd3e-8e22236a5d80
2020-05-22T01:43:44.000,9.5,89.41,12.61,46.038055,-123.954038,45.969025,-123.980447,2002002,43204178-2eeb-47f1-bd3e-8e22236a5d80
2020-05-22T01:58:44.000,9.57,90.03,12.6,46.038055,-123.954038,45.969025,-123.980447,2002002,43204178-2eeb-47f1-bd3e-8e22236a5d80
2020-05-22T02:13:44.000,9.5,89.3,12.58,46.038055,-123.954038,45.969025,-123.980447,2002002,43204178-2eeb-47f1-bd3e-8e22236a5d80
2020-05-22T02:28:44.000,9.57,89.94,12.58,46.038055,-123.954038,45.969025,-123.980447,2002002,43204178-2eeb-47f1-bd3e-8e22236a5d80
2020-05-22T02:43:44.000,9.55,89.71,12.56,46.038055,-123.954038,45.969025,-123.980447,2002002,43204178-2eeb-47f1-bd3e-8e22236a5d80
2020-05-22T02:58:44.000,9.55,89.79,12.56,46.038055,-123.954038,45.969025,-123.980447,2002002,43204178-2eeb-47f1-bd3e-8e22236a5d80
2020-05-22T03:13:44.000,9.51,89.39,12.56,46.038055,-123.954038,45.969025,-123.980447,2002002,43204178-2eeb-47f1-bd3e-8e22236a5d80
2020-05-22T03:28:44.000,9.41,88.41,12.56,46.038055,-123.954038,45.969025,-123.980447,2002002,43204178-2eeb-47f1-bd3e-8e22236a5d80
2020-05-22T03:43:44.000,9.41,88.31,12.52,46.038055,-123.954038,45.969025,-123.980447,2002002,43204178-2eeb-47f1-bd3e-8e22236a5d80
2020-05-22T03:58:44.000,9.4,88.14,12.47,46.038055,-123.954038,45.969025,-123.980447,2002002,43204178-2eeb-47f1-bd3e-8e22236a5d80
2020-05-22T04:13:44.000,9.41,88.2,12.44,46.038055,-123.954038,45.969025,-123.980447,2002002,43204178-2eeb-47f1-bd3e-8e22236a5d80
2020-05-22T04:28:44.000,9.37,87.82,12.42,46.038055,-123.954038,45.969025,-123.980447,2002002,43204178-2eeb-47f1-bd3e-8e22236a5d80
2020-05-22T04:43:44.000,9.34,87.39,12.38,46.038055,-123.954038,45.969025,-123.980447,2002002,43204178-2eeb-47f1-bd3e-8e22236a5d80
2020-05-22T04:58:44.000,9.32,87.12,12.34,46.038055,-123.954038,45.969025,-123.980447,2002002,43204178-2eeb-47f1-bd3e-8e22236a5d80
2020-05-22T05:13:44.000,9.22,86.05,12.27,46.038055,-123.954038,45.969025,-123.980447,2002002,43204178-2eeb-47f1-bd3e-8e22236a5d80
2020-05-22T05:28:44.000,9.2,85.75,12.19,46.038055,-123.954038,45.969025,-123.980447,2002002,43204178-2eeb-47f1-bd3e-8e22236a5d80
2020-05-22T05:43:44.000,9.16,85.29,12.15,46.038055,-123.954038,45.969025,-123.980447,2002002,43204178-2eeb-47f1-bd3e-8e22236a5d80
2020-05-22T05:58:44.000,9.24,85.76,12.03,46.038055,-123.954038,45.969025,-123.980447,2002002,43204178-2eeb-47f1-bd3e-8e22236a5d80
2020-05-22T06:13:44.000,9.22,85.61,12.01,46.038055,-123.954038,45.969025,-123.980447,2002002,43204178-2eeb-47f1-bd3e-8e22236a5d80
2020-05-22T06:28:44.000,9.1,83.97,11.78,46.038055,-123.954038,45.969025,-123.980447,2002002,43204178-2eeb-47f1-bd3e-8e22236a5d80
2020-05-22T06:43:44.000,9.04,83.21,11.66,46.038055,-123.954038,45.969025,-123.980447,2002002,43204178-2eeb-47f1-bd3e-8e22236a5d80
2020-05-22T06:58:44.000,8.99,82.62,11.59,46.038055,-123.954038,45.969025,-123.980447,2002002,43204178-2eeb-47f1-bd3e-8e22236a5d80
2020-05-22T07:13:44.000,9,82.73,11.61,46.038055,-123.954038,45.969025,-123.980447,2002002,43204178-2eeb-47f1-bd3e-8e22236a5d80
2020-05-22T07:28:44.000,8.98,82.59,11.62,46.038055,-123.954038,45.969025,-123.980447,2002002,43204178-2eeb-47f1-bd3e-8e22236a5d80
2020-05-22T07:43:44.000,8.97,82.57,11.64,46.038055,-123.954038,45.969025,-123.980447,2002002,43204178-2eeb-47f1-bd3e-8e22236a5d80
2020-05-22T07:58:44.000,8.82,81.22,11.65,46.038055,-123.954038,45.969025,-123.980447,2002002,43204178-2eeb-47f1-bd3e-8e22236a5d80
2020-05-22T08:13:44.000,8.77,80.82,11.68,46.038055,-123.954038,45.969025,-123.980447,2002002,43204178-2eeb-47f1-bd3e-8e22236a5d80
2020-05-22T08:28:44.000,8.82,81.34,11.71,46.038055,-123.954038,45.969025,-123.980447,2002002,43204178-2eeb-47f1-bd3e-8e22236a5d80
2020-05-22T08:43:44.000,8.82,81.3,11.73,46.038055,-123.954038,45.969025,-123.980447,2002002,43204178-2eeb-47f1-bd3e-8e22236a5d80
2020-05-22T08:58:44.000,8.85,81.71,11.76,46.038055,-123.954038,45.969025,-123.980447,2002002,43204178-2eeb-47f1-bd3e-8e22236a5d80
2020-05-22T09:13:44.000,8.87,82.01,11.85,46.038055,-123.954038,45.969025,-123.980447,2002002,43204178-2eeb-47f1-bd3e-8e22236a5d80
2020-05-22T09:28:44.000,8.85,81.92,11.89,46.038055,-123.954038,45.969025,-123.980447,2002002,43204178-2eeb-47f1-bd3e-8e22236a5d80
2020-05-22T09:43:44.000,8.98,83.32,12,46.038055,-123.954038,45.969025,-123.980447,2002002,43204178-2eeb-47f1-bd3e-8e22236a5d80
2020-05-22T09:58:44.000,8.99,83.52,12.05,46.038055,-123.954038,45.969025,-123.980447,2002002,43204178-2eeb-47f1-bd3e-8e22236a5d80
2020-05-22T10:13:44.000,8.97,83.33,12.05,46.038055,-123.954038,45.969025,-123.980447,2002002,43204178-2eeb-47f1-bd3e-8e22236a5d80
2020-05-22T10:28:44.000,8.88,82.57,12.07,46.038055,-123.954038,45.969025,-123.980447,2002002,43204178-2eeb-47f1-bd3e-8e22236a5d80
2020-05-22T10:43:44.000,9,83.88,12.18,46.038055,-123.954038,45.969025,-123.980447,2002002,43204178-2eeb-47f1-bd3e-8e22236a5d80
2020-05-22T10:58:44.000,9.04,84.37,12.26,46.038055,-123.954038,45.969025,-123.980447,2002002,43204178-2eeb-47f1-bd3e-8e22236a5d80
2020-05-22T11:13:44.000,8.99,83.96,12.26,46.038055,-123.954038,45.969025,-123.980447,2002002,43204178-2eeb-47f1-bd3e-8e22236a5d80
2020-05-22T11:28:44.000,8.85,82.65,12.26,46.038055,-123.954038,45.969025,-123.980447,2002002,43204178-2eeb-47f1-bd3e-8e22236a5d80
2020-05-22T11:43:44.000,8.91,83.22,12.3,46.038055,-123.954038,45.969025,-123.980447,2002002,43204178-2eeb-47f1-bd3e-8e22236a5d80
2020-05-22T11:58:44.000,8.88,83.06,12.34,46.038055,-123.954038,45.969025,-123.980447,2002002,43204178-2eeb-47f1-bd3e-8e22236a5d80
2020-05-22T12:13:44.000,8.95,83.67,12.35,46.038055,-123.954038,45.969025,-123.980447,2002002,43204178-2eeb-47f1-bd3e-8e22236a5d80
2020-05-22T12:28:44.000,8.99,84.03,12.3,46.038055,-123.954038,45.969025,-123.980447,2002002,43204178-2eeb-47f1-bd3e-8e22236a5d80
2020-05-22T12:43:44.000,9.07,84.69,12.27,46.038055,-123.954038,45.969025,-123.980447,2002002,43204178-2eeb-47f1-bd3e-8e22236a5d80
2020-05-22T12:58:44.000,9.06,84.58,12.26,46.038055,-123.954038,45.969025,-123.980447,2002002,43204178-2eeb-47f1-bd3e-8e22236a5d80
2020-05-22T13:13:44.000,9.03,84.32,12.26,46.038055,-123.954038,45.969025,-123.980447,2002002,43204178-2eeb-47f1-bd3e-8e22236a5d80
2020-05-22T13:28:44.000,9.08,84.75,12.26,46.038055,-123.954038,45.969025,-123.980447,2002002,43204178-2eeb-47f1-bd3e-8e22236a5d80
2020-05-22T13:43:44.000,9.07,84.63,12.26,46.038055,-123.954038,45.969025,-123.980447,2002002,43204178-2eeb-47f1-bd3e-8e22236a5d80
2020-05-22T13:58:44.000,9.08,84.76,12.27,46.038055,-123.954038,45.969025,-123.980447,2002002,43204178-2eeb-47f1-bd3e-8e22236a5d80
2020-05-22T14:13:44.000,9,83.93,12.24,46.038055,-123.954038,45.969025,-123.980447,2002002,43204178-2eeb-47f1-bd3e-8e22236a5d80
2020-05-22T14:28:44.000,8.97,83.42,12.1,46.038055,-123.954038,45.969025,-123.980447,2002002,43204178-2eeb-47f1-bd3e-8e22236a5d80
2020-05-22T14:43:44.000,8.97,83.37,12.05,46.038055,-123.954038,45.969025,-123.980447,2002002,43204178-2eeb-47f1-bd3e-8e22236a5d80
2020-05-22T14:58:44.000,8.97,83.28,12.03,46.038055,-123.954038,45.969025,-123.980447,2002002,43204178-2eeb-47f1-bd3e-8e22236a5d80
2020-05-22T15:13:44.000,8.99,83.46,12.03,46.038055,-123.954038,45.969025,-123.980447,2002002,43204178-2eeb-47f1-bd3e-8e22236a5d80
2020-05-22T15:28:44.000,8.98,83.36,12.04,46.038055,-123.954038,45.969025,-123.980447,2002002,43204178-2eeb-47f1-bd3e-8e22236a5d80
2020-05-22T15:43:44.000,9.01,83.73,12.05,46.038055,-123.954038,45.969025,-123.980447,2002002,43204178-2eeb-47f1-bd3e-8e22236a5d80
2020-05-22T15:58:44.000,9.06,84.27,12.1,46.038055,-123.954038,45.969025,-123.980447,2002002,43204178-2eeb-47f1-bd3e-8e22236a5d80
2020-05-22T16:13:44.000,9.03,84.03,12.12,46.038055,-123.954038,45.969025,-123.980447,2002002,43204178-2eeb-47f1-bd3e-8e22236a5d80
2020-05-22T16:28:44.000,8.88,82.35,11.98,46.038055,-123.954038,45.969025,-123.980447,2002002,43204178-2eeb-47f1-bd3e-8e22236a5d80
2020-05-22T16:43:44.000,8.84,81.82,11.89,46.038055,-123.954038,45.969025,-123.980447,2002002,43204178-2eeb-47f1-bd3e-8e22236a5d80
2020-05-22T16:58:44.000,8.8,81.33,11.82,46.038055,-123.954038,45.969025,-123.980447,2002002,43204178-2eeb-47f1-bd3e-8e22236a5d80
2020-05-22T17:13:44.000,8.82,81.51,11.8,46.038055,-123.954038,45.969025,-123.980447,2002002,43204178-2eeb-47f1-bd3e-8e22236a5d80
2020-05-22T17:28:44.000,8.82,81.47,11.8,46.038055,-123.954038,45.969025,-123.980447,2002002,43204178-2eeb-47f1-bd3e-8e22236a5d80
2020-05-22T17:43:44.000,8.81,81.34,11.76,46.038055,-123.954038,45.969025,-123.980447,2002002,43204178-2eeb-47f1-bd3e-8e22236a5d80
2020-05-22T17:58:44.000,8.75,80.7,11.73,46.038055,-123.954038,45.969025,-123.980447,2002002,43204178-2eeb-47f1-bd3e-8e22236a5d80
2020-05-22T18:13:44.000,8.68,79.91,11.67,46.038055,-123.954038,45.969025,-123.980447,2002002,43204178-2eeb-47f1-bd3e-8e22236a5d80
2020-05-22T18:28:44.000,8.74,80.23,11.51,46.038055,-123.954038,45.969025,-123.980447,2002002,43204178-2eeb-47f1-bd3e-8e22236a5d80
2020-05-22T18:43:44.000,8.77,80.45,11.52,46.038055,-123.954038,45.969025,-123.980447,2002002,43204178-2eeb-47f1-bd3e-8e22236a5d80
2020-05-22T18:58:44.000,8.77,80.54,11.55,46.038055,-123.954038,45.969025,-123.980447,2002002,43204178-2eeb-47f1-bd3e-8e22236a5d80
2020-05-22T19:13:44.000,8.78,80.68,11.56,46.038055,-123.954038,45.969025,-123.980447,2002002,43204178-2eeb-47f1-bd3e-8e22236a5d80
2020-05-22T19:28:44.000,8.78,80.73,11.6,46.038055,-123.954038,45.969025,-123.980447,2002002,43204178-2eeb-47f1-bd3e-8e22236a5d80
2020-05-22T19:43:44.000,8.79,80.89,11.63,46.038055,-123.954038,45.969025,-123.980447,2002002,43204178-2eeb-47f1-bd3e-8e22236a5d80
2020-05-22T19:58:44.000,8.77,80.64,11.62,46.038055,-123.954038,45.969025,-123.980447,2002002,43204178-2eeb-47f1-bd3e-8e22236a5d80
2020-05-22T20:13:44.000,8.76,80.58,11.62,46.038055,-123.954038,45.969025,-123.980447,2002002,43204178-2eeb-47f1-bd3e-8e22236a5d80
2020-05-22T20:28:44.000,8.75,80.56,11.66,46.038055,-123.954038,45.969025,-123.980447,2002002,43204178-2eeb-47f1-bd3e-8e22236a5d80
2020-05-22T20:43:44.000,8.69,80.11,11.69,46.038055,-123.954038,45.969025,-123.980447,2002002,43204178-2eeb-47f1-bd3e-8e22236a5d80
2020-05-22T20:58:44.000,8.68,79.99,11.71,46.038055,-123.954038,45.969025,-123.980447,2002002,43204178-2eeb-47f1-bd3e-8e22236a5d80
2020-05-22T21:13:44.000,8.67,80.01,11.78,46.038055,-123.954038,45.969025,-123.980447,2002002,43204178-2eeb-47f1-bd3e-8e22236a5d80
2020-05-22T21:28:44.000,8.52,78.75,11.82,46.038055,-123.954038,45.969025,-123.980447,2002002,43204178-2eeb-47f1-bd3e-8e22236a5d80
2020-05-22T21:43:44.000,8.54,78.93,11.85,46.038055,-123.954038,45.969025,-123.980447,2002002,43204178-2eeb-47f1-bd3e-8e22236a5d80
2020-05-22T21:58:44.000,8.41,77.81,11.86,46.038055,-123.954038,45.969025,-123.980447,2002002,43204178-2eeb-47f1-bd3e-8e22236a5d80
2020-05-22T22:13:44.000,7.82,72.37,11.89,46.038055,-123.954038,45.969025,-123.980447,2002002,43204178-2eeb-47f1-bd3e-8e22236a5d80
2020-05-22T22:28:44.000,8.28,76.72,11.95,46.038055,-123.954038,45.969025,-123.980447,2002002,43204178-2eeb-47f1-bd3e-8e22236a5d80
2020-05-22T22:43:44.000,8.16,75.62,11.96,46.038055,-123.954038,45.969025,-123.980447,2002002,43204178-2eeb-47f1-bd3e-8e22236a5d80
2020-05-22T22:58:44.000,8.67,80.46,11.98,46.038055,-123.954038,45.969025,-123.980447,2002002,43204178-2eeb-47f1-bd3e-8e22236a5d80
2020-05-22T23:13:44.000,8.72,80.98,12.02,46.038055,-123.954038,45.969025,-123.980447,2002002,43204178-2eeb-47f1-bd3e-8e22236a5d80
2020-05-22T23:28:44.000,8.78,81.65,12.09,46.038055,-123.954038,45.969025,-123.980447,2002002,43204178-2eeb-47f1-bd3e-8e22236a5d80
2020-05-22T23:43:44.000,8.72,81.22,12.15,46.038055,-123.954038,45.969025,-123.980447,2002002,43204178-2eeb-47f1-bd3e-8e22236a5d80
2020-05-22T23:58:44.000,8.65,81.02,12.39,46.038055,-123.954038,45.969025,-123.980447,2002002,43204178-2eeb-47f1-bd3e-8e22236a5d80
2020-05-23T00:13:44.000,8.75,82.17,12.54,46.038055,-123.954038,45.969025,-123.980447,2002002,43204178-2eeb-47f1-bd3e-8e22236a5d80
2020-05-23T00:28:44.000,9.09,85.79,12.76,46.038055,-123.954038,45.969025,-123.980447,2002002,43204178-2eeb-47f1-bd3e-8e22236a5d80
2020-05-23T00:43:44.000,9.33,88.36,12.89,46.038055,-123.954038,45.969025,-123.980447,2002002,43204178-2eeb-47f1-bd3e-8e22236a5d80
2020-05-23T00:58:44.000,9.27,87.71,12.88,46.038055,-123.954038,45.969025,-123.980447,2002002,43204178-2eeb-47f1-bd3e-8e22236a5d80
2020-05-23T01:13:44.000,4.74,44.88,12.9,46.038055,-123.954038,45.969025,-123.980447,2002002,43204178-2eeb-47f1-bd3e-8e22236a5d80
2020-05-23T01:28:44.000,8.66,82.07,12.93,46.038055,-123.954038,45.969025,-123.980447,2002002,43204178-2eeb-47f1-bd3e-8e22236a5d80
2020-05-23T01:43:44.000,8.84,83.83,12.97,46.038055,-123.954038,45.969025,-123.980447,2002002,43204178-2eeb-47f1-bd3e-8e22236a5d80
2020-05-23T01:58:44.000,8.57,80.78,12.67,46.038055,-123.954038,45.969025,-123.980447,2002002,43204178-2eeb-47f1-bd3e-8e22236a5d80
2020-05-23T02:13:44.000,8.29,77.87,12.55,46.038055,-123.954038,45.969025,-123.980447,2002002,43204178-2eeb-47f1-bd3e-8e22236a5d80
2020-05-23T02:28:44.000,8.6,80.81,12.57,46.038055,-123.954038,45.969025,-123.980447,2002002,43204178-2eeb-47f1-bd3e-8e22236a5d80
2020-05-23T02:43:44.000,8.59,80.78,12.6,46.038055,-123.954038,45.969025,-123.980447,2002002,43204178-2eeb-47f1-bd3e-8e22236a5d80
2020-05-23T02:58:44.000,8.74,82.24,12.63,46.038055,-123.954038,45.969025,-123.980447,2002002,43204178-2eeb-47f1-bd3e-8e22236a5d80
2020-05-23T03:13:44.000,8.96,84.28,12.63,46.038055,-123.954038,45.969025,-123.980447,2002002,43204178-2eeb-47f1-bd3e-8e22236a5d80
2020-05-23T03:28:44.000,9.22,86.87,12.67,46.038055,-123.954038,45.969025,-123.980447,2002002,43204178-2eeb-47f1-bd3e-8e22236a5d80
2020-05-23T03:43:44.000,8.99,84.43,12.54,46.038055,-123.954038,45.969025,-123.980447,2002002,43204178-2eeb-47f1-bd3e-8e22236a5d80
2020-05-23T03:58:44.000,8.78,82.22,12.4,46.038055,-123.954038,45.969025,-123.980447,2002002,43204178-2eeb-47f1-bd3e-8e22236a5d80
2020-05-23T04:13:44.000,8.7,81.29,12.31,46.038055,-123.954038,45.969025,-123.980447,2002002,43204178-2eeb-47f1-bd3e-8e22236a5d80
2020-05-23T04:28:44.000,8.73,81.49,12.27,46.038055,-123.954038,45.969025,-123.980447,2002002,43204178-2eeb-47f1-bd3e-8e22236a5d80
2020-05-23T04:43:44.000,8.99,83.9,12.26,46.038055,-123.954038,45.969025,-123.980447,2002002,43204178-2eeb-47f1-bd3e-8e22236a5d80
2020-05-23T04:58:44.000,8.75,81.69,12.27,46.038055,-123.954038,45.969025,-123.980447,2002002,43204178-2eeb-47f1-bd3e-8e22236a5d80
2020-05-23T05:13:44.000,8.8,82.12,12.26,46.038055,-123.954038,45.969025,-123.980447,2002002,43204178-2eeb-47f1-bd3e-8e22236a5d80
2020-05-23T05:28:44.000,9.01,84.08,12.26,46.038055,-123.954038,45.969025,-123.980447,2002002,43204178-2eeb-47f1-bd3e-8e22236a5d80
2020-05-23T05:43:44.000,9.06,84.6,12.26,46.038055,-123.954038,45.969025,-123.980447,2002002,43204178-2eeb-47f1-bd3e-8e22236a5d80
2020-05-23T05:58:44.000,9,84.03,12.26,46.038055,-123.954038,45.969025,-123.980447,2002002,43204178-2eeb-47f1-bd3e-8e22236a5d80
2020-05-23T06:13:44.000,8.88,82.87,12.24,46.038055,-123.954038,45.969025,-123.980447,2002002,43204178-2eeb-47f1-bd3e-8e22236a5d80
2020-05-23T06:28:44.000,8.21,76.6,12.25,46.038055,-123.954038,45.969025,-123.980447,2002002,43204178-2eeb-47f1-bd3e-8e22236a5d80
2020-05-23T06:43:44.000,7.92,73.86,12.24,46.038055,-123.954038,45.969025,-123.980447,2002002,43204178-2eeb-47f1-bd3e-8e22236a5d80
2020-05-23T06:58:44.000,7.14,66.62,12.24,46.038055,-123.954038,45.969025,-123.980447,2002002,43204178-2eeb-47f1-bd3e-8e22236a5d80
2020-05-23T07:13:44.000,6.34,58.54,11.78,46.038055,-123.954038,45.969025,-123.980447,2002002,43204178-2eeb-47f1-bd3e-8e22236a5d80
2020-05-23T07:28:44.000,5.42,49.9,11.68,46.038055,-123.954038,45.969025,-123.980447,2002002,43204178-2eeb-47f1-bd3e-8e22236a5d80
2020-05-23T07:43:44.000,4.74,43.64,11.68,46.038055,-123.954038,45.969025,-123.980447,2002002,43204178-2eeb-47f1-bd3e-8e22236a5d80
2020-05-23T07:58:44.000,4.36,40.19,11.68,46.038055,-123.954038,45.969025,-123.980447,2002002,43204178-2eeb-47f1-bd3e-8e22236a5d80
2020-05-23T08:13:44.000,3.36,30.96,11.68,46.038055,-123.954038,45.969025,-123.980447,2002002,43204178-2eeb-47f1-bd3e-8e22236a5d80
2020-05-23T08:28:44.000,2.01,18.52,11.71,46.038055,-123.954038,45.969025,-123.980447,2002002,43204178-2eeb-47f1-bd3e-8e22236a5d80
2020-05-23T08:43:44.000,1.21,11.15,11.73,46.038055,-123.954038,45.969025,-123.980447,2002002,43204178-2eeb-47f1-bd3e-8e22236a5d80
2020-05-23T08:58:44.000,0.74,6.83,11.75,46.038055,-123.954038,45.969025,-123.980447,2002002,43204178-2eeb-47f1-bd3e-8e22236a5d80
2020-05-23T09:13:44.000,0.61,5.61,11.62,46.038055,-123.954038,45.969025,-123.980447,2002002,43204178-2eeb-47f1-bd3e-8e22236a5d80
2020-05-23T09:28:44.000,0.49,4.55,11.55,46.038055,-123.954038,45.969025,-123.980447,2002002,43204178-2eeb-47f1-bd3e-8e22236a5d80
2020-05-23T09:43:44.000,0.74,6.77,11.54,46.038055,-123.954038,45.969025,-123.980447,2002002,43204178-2eeb-47f1-bd3e-8e22236a5d80
2020-05-23T09:58:44.000,0.96,8.8,11.6,46.038055,-123.954038,45.969025,-123.980447,2002002,43204178-2eeb-47f1-bd3e-8e22236a5d80
2020-05-23T10:13:44.000,1.15,10.57,11.62,46.038055,-123.954038,45.969025,-123.980447,2002002,43204178-2eeb-47f1-bd3e-8e22236a5d80
2020-05-23T10:28:44.000,1.71,15.77,11.64,46.038055,-123.954038,45.969025,-123.980447,2002002,43204178-2eeb-47f1-bd3e-8e22236a5d80
2020-05-23T10:43:44.000,1.61,14.8,11.68,46.038055,-123.954038,45.969025,-123.980447,2002002,43204178-2eeb-47f1-bd3e-8e22236a5d80
2020-05-23T10:58:44.000,1.39,12.82,11.73,46.038055,-123.954038,45.969025,-123.980447,2002002,43204178-2eeb-47f1-bd3e-8e22236a5d80
2020-05-23T11:13:44.000,1.29,11.86,11.74,46.038055,-123.954038,45.969025,-123.980447,2002002,43204178-2eeb-47f1-bd3e-8e22236a5d80
2020-05-23T11:28:44.000,1.69,15.59,11.74,46.038055,-123.954038,45.969025,-123.980447,2002002,43204178-2eeb-47f1-bd3e-8e22236a5d80
2020-05-23T11:43:44.000,2.37,21.9,11.75,46.038055,-123.954038,45.969025,-123.980447,2002002,43204178-2eeb-47f1-bd3e-8e22236a5d80
2020-05-23T11:58:44.000,5.76,53.11,11.74,46.038055,-123.954038,45.969025,-123.980447,2002002,43204178-2eeb-47f1-bd3e-8e22236a5d80
2020-05-23T12:13:44.000,6.73,62.12,11.77,46.038055,-123.954038,45.969025,-123.980447,2002002,43204178-2eeb-47f1-bd3e-8e22236a5d80
2020-05-23T12:28:44.000,6.1,56.37,11.8,46.038055,-123.954038,45.969025,-123.980447,2002002,43204178-2eeb-47f1-bd3e-8e22236a5d80
2020-05-23T12:43:44.000,5.8,53.58,11.83,46.038055,-123.954038,45.969025,-123.980447,2002002,43204178-2eeb-47f1-bd3e-8e22236a5d80
2020-05-23T12:58:44.000,4.97,45.95,11.87,46.038055,-123.954038,45.969025,-123.980447,2002002,43204178-2eeb-47f1-bd3e-8e22236a5d80
2020-05-23T13:13:44.000,4.76,44.13,11.94,46.038055,-123.954038,45.969025,-123.980447,2002002,43204178-2eeb-47f1-bd3e-8e22236a5d80
2020-05-23T13:28:44.000,4.28,39.68,11.98,46.038055,-123.954038,45.969025,-123.980447,2002002,43204178-2eeb-47f1-bd3e-8e22236a5d80
2020-05-23T13:43:44.000,3.84,35.62,11.98,46.038055,-123.954038,45.969025,-123.980447,2002002,43204178-2eeb-47f1-bd3e-8e22236a5d80
2020-05-23T13:58:44.000,2.82,26.17,11.98,46.038055,-123.954038,45.969025,-123.980447,2002002,43204178-2eeb-47f1-bd3e-8e22236a5d80
2020-05-23T14:13:44.000,2.2,20.38,11.99,46.038055,-123.954038,45.969025,-123.980447,2002002,43204178-2eeb-47f1-bd3e-8e22236a5d80
2020-05-23T14:28:44.000,1.75,16.27,12.01,46.038055,-123.954038,45.969025,-123.980447,2002002,43204178-2eeb-47f1-bd3e-8e22236a5d80
2020-05-23T14:43:44.000,0.96,8.89,12.02,46.038055,-123.954038,45.969025,-123.980447,2002002,43204178-2eeb-47f1-bd3e-8e22236a5d80
2020-05-23T14:58:44.000,0.33,3.02,12.03,46.038055,-123.954038,45.969025,-123.980447,2002002,43204178-2eeb-47f1-bd3e-8e22236a5d80
2020-05-23T15:13:44.000,0.13,1.18,12.01,46.038055,-123.954038,45.969025,-123.980447,2002002,43204178-2eeb-47f1-bd3e-8e22236a5d80
2020-05-23T15:28:44.000,0.04,0.4,12.01,46.038055,-123.954038,45.969025,-123.980447,2002002,43204178-2eeb-47f1-bd3e-8e22236a5d80
2020-05-23T15:43:44.000,0.09,0.87,12.1,46.038055,-123.954038,45.969025,-123.980447,2002002,43204178-2eeb-47f1-bd3e-8e22236a5d80
2020-05-23T15:58:44.000,0.59,5.46,12.06,46.038055,-123.954038,45.969025,-123.980447,2002002,43204178-2eeb-47f1-bd3e-8e22236a5d80
2020-05-23T16:13:44.000,0.18,1.72,12.06,46.038055,-123.954038,45.969025,-123.980447,2002002,43204178-2eeb-47f1-bd3e-8e22236a5d80
2020-05-23T16:28:44.000,0.21,1.97,12.1,46.038055,-123.954038,45.969025,-123.980447,2002002,43204178-2eeb-47f1-bd3e-8e22236a5d80
2020-05-23T16:43:44.000,0.15,1.36,12.14,46.038055,-123.954038,45.969025,-123.980447,2002002,43204178-2eeb-47f1-bd3e-8e22236a5d80
2020-05-23T16:58:44.000,0.01,0.05,12.17,46.038055,-123.954038,45.969025,-123.980447,2002002,43204178-2eeb-47f1-bd3e-8e22236a5d80
2020-05-23T17:13:44.000,0,0,0,46.038055,-123.954038,45.969025,-123.980447,2002002,43204178-2eeb-47f1-bd3e-8e22236a5d80
2020-05-23T17:28:44.000,0,0.04,12.24,46.038055,-123.954038,45.969025,-123.980447,2002002,43204178-2eeb-47f1-bd3e-8e22236a5d80
2020-05-23T17:43:44.000,0,0,0,46.038055,-123.954038,45.969025,-123.980447,2002002,43204178-2eeb-47f1-bd3e-8e22236a5d80
2020-05-23T17:58:44.000,0,0,0,46.038055,-123.954038,45.969025,-123.980447,2002002,43204178-2eeb-47f1-bd3e-8e22236a5d80
2020-05-23T18:13:44.000,0,0,0,46.038055,-123.954038,45.969025,-123.980447,2002002,43204178-2eeb-47f1-bd3e-8e22236a5d80
2020-05-23T18:28:44.000,0,0,0,46.038055,-123.954038,45.969025,-123.980447,2002002,43204178-2eeb-47f1-bd3e-8e22236a5d80
2020-05-23T18:43:44.000,0,0,0,46.038055,-123.954038,45.969025,-123.980447,2002002,43204178-2eeb-47f1-bd3e-8e22236a5d80
2020-05-23T18:58:44.000,0,0,0,46.038055,-123.954038,45.969025,-123.980447,2002002,43204178-2eeb-47f1-bd3e-8e22236a5d80
2020-05-23T19:13:44.000,0,0,0,46.038055,-123.954038,45.969025,-123.980447,2002002,43204178-2eeb-47f1-bd3e-8e22236a5d80
2020-05-23T19:28:44.000,0,0,0,46.038055,-123.954038,45.969025,-123.980447,2002002,43204178-2eeb-47f1-bd3e-8e22236a5d80
2020-05-23T19:43:44.000,0,0,0,46.038055,-123.954038,45.969025,-123.980447,2002002,43204178-2eeb-47f1-bd3e-8e22236a5d80
2020-05-23T19:58:44.000,0,0,0,46.038055,-123.954038,45.969025,-123.980447,2002002,43204178-2eeb-47f1-bd3e-8e22236a5d80
2020-05-23T20:13:44.000,0,0,0,46.038055,-123.954038,45.969025,-123.980447,2002002,43204178-2eeb-47f1-bd3e-8e22236a5d80
2020-05-23T20:28:44.000,0,0,0,46.038055,-123.954038,45.969025,-123.980447,2002002,43204178-2eeb-47f1-bd3e-8e22236a5d80
2020-05-23T20:43:44.000,0,0,0,46.038055,-123.954038,45.969025,-123.980447,2002002,43204178-2eeb-47f1-bd3e-8e22236a5d80
2020-05-23T20:58:44.000,0.19,1.78,11.65,46.038055,-123.954038,45.969025,-123.980447,2002002,43204178-2eeb-47f1-bd3e-8e22236a5d80
2020-05-23T21:13:44.000,0.03,0.3,11.66,46.038055,-123.954038,45.969025,-123.980447,2002002,43204178-2eeb-47f1-bd3e-8e22236a5d80
2020-05-23T21:28:44.000,1.05,9.7,11.65,46.038055,-123.954038,45.969025,-123.980447,2002002,43204178-2eeb-47f1-bd3e-8e22236a5d80
2020-05-23T21:43:44.000,2.5,23,11.65,46.038055,-123.954038,45.969025,-123.980447,2002002,43204178-2eeb-47f1-bd3e-8e22236a5d80
2020-05-23T21:58:44.000,3.97,36.54,11.66,46.038055,-123.954038,45.969025,-123.980447,2002002,43204178-2eeb-47f1-bd3e-8e22236a5d80
2020-05-23T22:13:44.000,4.88,44.97,11.66,46.038055,-123.954038,45.969025,-123.980447,2002002,43204178-2eeb-47f1-bd3e-8e22236a5d80
2020-05-23T22:28:44.000,4.9,45.13,11.66,46.038055,-123.954038,45.969025,-123.980447,2002002,43204178-2eeb-47f1-bd3e-8e22236a5d80
2020-05-23T22:43:44.000,5.93,54.6,11.69,46.038055,-123.954038,45.969025,-123.980447,2002002,43204178-2eeb-47f1-bd3e-8e22236a5d80
2020-05-23T22:58:44.000,6.57,60.62,11.73,46.038055,-123.954038,45.969025,-123.980447,2002002,43204178-2eeb-47f1-bd3e-8e22236a5d80
2020-05-23T23:13:44.000,6.53,60.3,11.79,46.038055,-123.954038,45.969025,-123.980447,2002002,43204178-2eeb-47f1-bd3e-8e22236a5d80
2020-05-23T23:28:44.000,8.44,78.06,11.85,46.038055,-123.954038,45.969025,-123.980447,2002002,43204178-2eeb-47f1-bd3e-8e22236a5d80
2020-05-23T23:43:44.000,8.55,79.14,11.89,46.038055,-123.954038,45.969025,-123.980447,2002002,43204178-2eeb-47f1-bd3e-8e22236a5d80
2020-05-23T23:58:44.000,8.32,77.05,11.92,46.038055,-123.954038,45.969025,-123.980447,2002002,43204178-2eeb-47f1-bd3e-8e22236a5d80
2020-05-24T00:13:44.000,8.22,76.22,11.96,46.038055,-123.954038,45.969025,-123.980447,2002002,43204178-2eeb-47f1-bd3e-8e22236a5d80
2020-05-24T00:28:44.000,8.38,77.71,11.98,46.038055,-123.954038,45.969025,-123.980447,2002002,43204178-2eeb-47f1-bd3e-8e22236a5d80
2020-05-24T00:43:44.000,8.29,76.88,12,46.038055,-123.954038,45.969025,-123.980447,2002002,43204178-2eeb-47f1-bd3e-8e22236a5d80
2020-05-24T00:58:44.000,8,74.27,12.01,46.038055,-123.954038,45.969025,-123.980447,2002002,43204178-2eeb-47f1-bd3e-8e22236a5d80
2020-05-24T01:13:44.000,7.91,73.42,12.01,46.038055,-123.954038,45.969025,-123.980447,2002002,43204178-2eeb-47f1-bd3e-8e22236a5d80
2020-05-24T01:28:44.000,7.35,68.28,12.03,46.038055,-123.954038,45.969025,-123.980447,2002002,43204178-2eeb-47f1-bd3e-8e22236a5d80
2020-05-24T01:43:44.000,6.54,60.77,12.03,46.038055,-123.954038,45.969025,-123.980447,2002002,43204178-2eeb-47f1-bd3e-8e22236a5d80
2020-05-24T01:58:44.000,6.15,57.14,12.03,46.038055,-123.954038,45.969025,-123.980447,2002002,43204178-2eeb-47f1-bd3e-8e22236a5d80
2020-05-24T02:13:44.000,4.49,41.66,12.04,46.038055,-123.954038,45.969025,-123.980447,2002002,43204178-2eeb-47f1-bd3e-8e22236a5d80
2020-05-24T02:28:44.000,3.79,35.22,12.05,46.038055,-123.954038,45.969025,-123.980447,2002002,43204178-2eeb-47f1-bd3e-8e22236a5d80
2020-05-24T02:43:44.000,4.61,42.82,12.08,46.038055,-123.954038,45.969025,-123.980447,2002002,43204178-2eeb-47f1-bd3e-8e22236a5d80
2020-05-24T02:58:44.000,4.08,37.98,12.09,46.038055,-123.954038,45.969025,-123.980447,2002002,43204178-2eeb-47f1-bd3e-8e22236a5d80
2020-05-24T03:13:44.000,2.06,19.19,12.1,46.038055,-123.954038,45.969025,-123.980447,2002002,43204178-2eeb-47f1-bd3e-8e22236a5d80
2020-05-24T03:28:44.000,1.02,9.51,12.12,46.038055,-123.954038,45.969025,-123.980447,2002002,43204178-2eeb-47f1-bd3e-8e22236a5d80
2020-05-24T03:43:44.000,1.51,14.05,12.13,46.038055,-123.954038,45.969025,-123.980447,2002002,43204178-2eeb-47f1-bd3e-8e22236a5d80
2020-05-24T03:58:44.000,1.64,15.23,12.15,46.038055,-123.954038,45.969025,-123.980447,2002002,43204178-2eeb-47f1-bd3e-8e22236a5d80
2020-05-24T04:13:44.000,2.35,21.87,12.17,46.038055,-123.954038,45.969025,-123.980447,2002002,43204178-2eeb-47f1-bd3e-8e22236a5d80
2020-05-24T04:28:44.000,1.69,15.74,12.17,46.038055,-123.954038,45.969025,-123.980447,2002002,43204178-2eeb-47f1-bd3e-8e22236a5d80
2020-05-24T04:43:44.000,1.05,9.78,12.17,46.038055,-123.954038,45.969025,-123.980447,2002002,43204178-2eeb-47f1-bd3e-8e22236a5d80
2020-05-24T04:58:44.000,4.15,38.7,12.17,46.038055,-123.954038,45.969025,-123.980447,2002002,43204178-2eeb-47f1-bd3e-8e22236a5d80
2020-05-24T05:13:44.000,3.16,29.4,12.18,46.038055,-123.954038,45.969025,-123.980447,2002002,43204178-2eeb-47f1-bd3e-8e22236a5d80
2020-05-24T05:28:44.000,1.46,13.58,12.19,46.038055,-123.954038,45.969025,-123.980447,2002002,43204178-2eeb-47f1-bd3e-8e22236a5d80
2020-05-24T05:43:44.000,0.63,5.85,12.22,46.038055,-123.954038,45.969025,-123.980447,2002002,43204178-2eeb-47f1-bd3e-8e22236a5d80
2020-05-24T05:58:44.000,0.72,6.76,12.24,46.038055,-123.954038,45.969025,-123.980447,2002002,43204178-2eeb-47f1-bd3e-8e22236a5d80
2020-05-24T06:13:44.000,2.75,25.7,12.26,46.038055,-123.954038,45.969025,-123.980447,2002002,43204178-2eeb-47f1-bd3e-8e22236a5d80
2020-05-24T06:28:44.000,3.06,28.55,12.28,46.038055,-123.954038,45.969025,-123.980447,2002002,43204178-2eeb-47f1-bd3e-8e22236a5d80
2020-05-24T06:43:44.000,8.84,82.18,12.09,46.038055,-123.954038,45.969025,-123.980447,2002002,43204178-2eeb-47f1-bd3e-8e22236a5d80
2020-05-24T06:58:44.000,8.88,82.26,11.94,46.038055,-123.954038,45.969025,-123.980447,2002002,43204178-2eeb-47f1-bd3e-8e22236a5d80
2020-05-24T07:13:44.000,8.93,82.53,11.84,46.038055,-123.954038,45.969025,-123.980447,2002002,43204178-2eeb-47f1-bd3e-8e22236a5d80
2020-05-24T07:28:44.000,8.92,82.34,11.75,46.038055,-123.954038,45.969025,-123.980447,2002002,43204178-2eeb-47f1-bd3e-8e22236a5d80
2020-05-24T07:43:44.000,8.97,82.64,11.69,46.038055,-123.954038,45.969025,-123.980447,2002002,43204178-2eeb-47f1-bd3e-8e22236a5d80
2020-05-24T07:58:44.000,8.92,82.13,11.64,46.038055,-123.954038,45.969025,-123.980447,2002002,43204178-2eeb-47f1-bd3e-8e22236a5d80
2020-05-24T08:13:44.000,8.81,81.05,11.6,46.038055,-123.954038,45.969025,-123.980447,2002002,43204178-2eeb-47f1-bd3e-8e22236a5d80
2020-05-24T08:28:44.000,8.69,79.83,11.57,46.038055,-123.954038,45.969025,-123.980447,2002002,43204178-2eeb-47f1-bd3e-8e22236a5d80
2020-05-24T08:43:44.000,8.57,78.69,11.55,46.038055,-123.954038,45.969025,-123.980447,2002002,43204178-2eeb-47f1-bd3e-8e22236a5d80
2020-05-24T08:58:44.000,8.23,75.54,11.55,46.038055,-123.954038,45.969025,-123.980447,2002002,43204178-2eeb-47f1-bd3e-8e22236a5d80
2020-05-24T09:13:44.000,6.92,63.51,11.54,46.038055,-123.954038,45.969025,-123.980447,2002002,43204178-2eeb-47f1-bd3e-8e22236a5d80
2020-05-24T09:28:44.000,7.3,67.01,11.52,46.038055,-123.954038,45.969025,-123.980447,2002002,43204178-2eeb-47f1-bd3e-8e22236a5d80
2020-05-24T09:43:44.000,7.96,73.04,11.52,46.038055,-123.954038,45.969025,-123.980447,2002002,43204178-2eeb-47f1-bd3e-8e22236a5d80
2020-05-24T09:58:44.000,7.41,68.05,11.52,46.038055,-123.954038,45.969025,-123.980447,2002002,43204178-2eeb-47f1-bd3e-8e22236a5d80
2020-05-24T10:13:44.000,6.1,55.97,11.52,46.038055,-123.954038,45.969025,-123.980447,2002002,43204178-2eeb-47f1-bd3e-8e22236a5d80
2020-05-24T10:28:44.000,6.24,57.3,11.55,46.038055,-123.954038,45.969025,-123.980447,2002002,43204178-2eeb-47f1-bd3e-8e22236a5d80
2020-05-24T10:43:44.000,4.02,36.98,11.57,46.038055,-123.954038,45.969025,-123.980447,2002002,43204178-2eeb-47f1-bd3e-8e22236a5d80
2020-05-24T10:58:44.000,1.42,13.07,11.6,46.038055,-123.954038,45.969025,-123.980447,2002002,43204178-2eeb-47f1-bd3e-8e22236a5d80
2020-05-24T11:13:44.000,0.36,3.28,11.62,46.038055,-123.954038,45.969025,-123.980447,2002002,43204178-2eeb-47f1-bd3e-8e22236a5d80
2020-05-24T11:28:44.000,0.16,1.45,11.62,46.038055,-123.954038,45.969025,-123.980447,2002002,43204178-2eeb-47f1-bd3e-8e22236a5d80
2020-05-24T11:43:44.000,0.28,2.59,11.62,46.038055,-123.954038,45.969025,-123.980447,2002002,43204178-2eeb-47f1-bd3e-8e22236a5d80
2020-05-24T11:58:44.000,0.09,0.81,11.64,46.038055,-123.954038,45.969025,-123.980447,2002002,43204178-2eeb-47f1-bd3e-8e22236a5d80
2020-05-24T12:13:44.000,0.02,0.14,11.66,46.038055,-123.954038,45.969025,-123.980447,2002002,43204178-2eeb-47f1-bd3e-8e22236a5d80
2020-05-24T12:28:44.000,0,0,0,46.038055,-123.954038,45.969025,-123.980447,2002002,43204178-2eeb-47f1-bd3e-8e22236a5d80
2020-05-24T12:43:44.000,0.09,0.82,11.71,46.038055,-123.954038,45.969025,-123.980447,2002002,43204178-2eeb-47f1-bd3e-8e22236a5d80
2020-05-24T12:58:44.000,0.42,3.84,11.74,46.038055,-123.954038,45.969025,-123.980447,2002002,43204178-2eeb-47f1-bd3e-8e22236a5d80
2020-05-24T13:13:44.000,0.2,1.87,11.8,46.038055,-123.954038,45.969025,-123.980447,2002002,43204178-2eeb-47f1-bd3e-8e22236a5d80
2020-05-24T13:28:44.000,0.17,1.54,11.83,46.038055,-123.954038,45.969025,-123.980447,2002002,43204178-2eeb-47f1-bd3e-8e22236a5d80
2020-05-24T13:43:44.000,0.09,0.87,11.87,46.038055,-123.954038,45.969025,-123.980447,2002002,43204178-2eeb-47f1-bd3e-8e22236a5d80
2020-05-24T13:58:44.000,0.13,1.19,11.89,46.038055,-123.954038,45.969025,-123.980447,2002002,43204178-2eeb-47f1-bd3e-8e22236a5d80
2020-05-24T14:13:44.000,0.14,1.25,11.91,46.038055,-123.954038,45.969025,-123.980447,2002002,43204178-2eeb-47f1-bd3e-8e22236a5d80
2020-05-24T14:28:44.000,0.3,2.75,11.94,46.038055,-123.954038,45.969025,-123.980447,2002002,43204178-2eeb-47f1-bd3e-8e22236a5d80
2020-05-24T14:43:44.000,8.62,79.97,11.98,46.038055,-123.954038,45.969025,-123.980447,2002002,43204178-2eeb-47f1-bd3e-8e22236a5d80
2020-05-24T14:58:44.000,8.59,79.81,12.08,46.038055,-123.954038,45.969025,-123.980447,2002002,43204178-2eeb-47f1-bd3e-8e22236a5d80
2020-05-24T15:13:44.000,8.63,80.26,12.1,46.038055,-123.954038,45.969025,-123.980447,2002002,43204178-2eeb-47f1-bd3e-8e22236a5d80
2020-05-24T15:28:44.000,8.66,80.66,12.15,46.038055,-123.954038,45.969025,-123.980447,2002002,43204178-2eeb-47f1-bd3e-8e22236a5d80
2020-05-24T15:43:44.000,8.87,83,12.36,46.038055,-123.954038,45.969025,-123.980447,2002002,43204178-2eeb-47f1-bd3e-8e22236a5d80
2020-05-24T15:58:44.000,8.91,83.42,12.4,46.038055,-123.954038,45.969025,-123.980447,2002002,43204178-2eeb-47f1-bd3e-8e22236a5d80
2020-05-24T16:13:44.000,8.91,83.32,12.35,46.038055,-123.954038,45.969025,-123.980447,2002002,43204178-2eeb-47f1-bd3e-8e22236a5d80
2020-05-24T16:28:44.000,9.03,84.67,12.44,46.038055,-123.954038,45.969025,-123.980447,2002002,43204178-2eeb-47f1-bd3e-8e22236a5d80
2020-05-24T16:43:44.000,9.38,87.1,12.01,46.038055,-123.954038,45.969025,-123.980447,2002002,43204178-2eeb-47f1-bd3e-8e22236a5d80
2020-05-24T16:58:44.000,9.42,87.15,11.87,46.038055,-123.954038,45.969025,-123.980447,2002002,43204178-2eeb-47f1-bd3e-8e22236a5d80
2020-05-24T17:13:44.000,9.42,87.3,11.94,46.038055,-123.954038,45.969025,-123.980447,2002002,43204178-2eeb-47f1-bd3e-8e22236a5d80
2020-05-24T17:28:44.000,9.46,87.37,11.78,46.038055,-123.954038,45.969025,-123.980447,2002002,43204178-2eeb-47f1-bd3e-8e22236a5d80
2020-05-24T17:43:44.000,9.5,87.48,11.67,46.038055,-123.954038,45.969025,-123.980447,2002002,43204178-2eeb-47f1-bd3e-8e22236a5d80
2020-05-24T17:58:44.000,9.54,87.67,11.59,46.038055,-123.954038,45.969025,-123.980447,2002002,43204178-2eeb-47f1-bd3e-8e22236a5d80
2020-05-24T18:13:44.000,9.56,87.83,11.57,46.038055,-123.954038,45.969025,-123.980447,2002002,43204178-2eeb-47f1-bd3e-8e22236a5d80
2020-05-24T18:28:44.000,9.57,87.87,11.55,46.038055,-123.954038,45.969025,-123.980447,2002002,43204178-2eeb-47f1-bd3e-8e22236a5d80
2020-05-24T18:43:44.000,9.53,87.41,11.5,46.038055,-123.954038,45.969025,-123.980447,2002002,43204178-2eeb-47f1-bd3e-8e22236a5d80
2020-05-24T18:58:44.000,9.49,87.05,11.48,46.038055,-123.954038,45.969025,-123.980447,2002002,43204178-2eeb-47f1-bd3e-8e22236a5d80
2020-05-24T19:13:44.000,9.55,87.4,11.41,46.038055,-123.954038,45.969025,-123.980447,2002002,43204178-2eeb-47f1-bd3e-8e22236a5d80
2020-05-24T19:28:44.000,9.54,87.3,11.38,46.038055,-123.954038,45.969025,-123.980447,2002002,43204178-2eeb-47f1-bd3e-8e22236a5d80
2020-05-24T19:43:44.000,9.55,87.2,11.31,46.038055,-123.954038,45.969025,-123.980447,2002002,43204178-2eeb-47f1-bd3e-8e22236a5d80
2020-05-24T19:58:44.000,9.52,86.86,11.27,46.038055,-123.954038,45.969025,-123.980447,2002002,43204178-2eeb-47f1-bd3e-8e22236a5d80
2020-05-24T20:13:44.000,9.44,86.04,11.22,46.038055,-123.954038,45.969025,-123.980447,2002002,43204178-2eeb-47f1-bd3e-8e22236a5d80
2020-05-24T20:28:44.000,9.41,85.77,11.21,46.038055,-123.954038,45.969025,-123.980447,2002002,43204178-2eeb-47f1-bd3e-8e22236a5d80
2020-05-24T20:43:44.000,9.41,85.83,11.24,46.038055,-123.954038,45.969025,-123.980447,2002002,43204178-2eeb-47f1-bd3e-8e22236a5d80
2020-05-24T20:58:44.000,9.45,86.27,11.28,46.038055,-123.954038,45.969025,-123.980447,2002002,43204178-2eeb-47f1-bd3e-8e22236a5d80
2020-05-24T21:13:44.000,9.48,86.72,11.36,46.038055,-123.954038,45.969025,-123.980447,2002002,43204178-2eeb-47f1-bd3e-8e22236a5d80
2020-05-24T21:28:44.000,9.53,87.42,11.49,46.038055,-123.954038,45.969025,-123.980447,2002002,43204178-2eeb-47f1-bd3e-8e22236a5d80
2020-05-24T21:43:44.000,9.54,87.8,11.64,46.038055,-123.954038,45.969025,-123.980447,2002002,43204178-2eeb-47f1-bd3e-8e22236a5d80
2020-05-24T21:58:44.000,9.53,88.01,11.77,46.038055,-123.954038,45.969025,-123.980447,2002002,43204178-2eeb-47f1-bd3e-8e22236a5d80
2020-05-24T22:13:44.000,9.46,87.3,11.78,46.038055,-123.954038,45.969025,-123.980447,2002002,43204178-2eeb-47f1-bd3e-8e22236a5d80
2020-05-24T22:28:44.000,9.36,86.5,11.8,46.038055,-123.954038,45.969025,-123.980447,2002002,43204178-2eeb-47f1-bd3e-8e22236a5d80
2020-05-24T22:43:44.000,9.34,86.47,11.89,46.038055,-123.954038,45.969025,-123.980447,2002002,43204178-2eeb-47f1-bd3e-8e22236a5d80
2020-05-24T22:58:44.000,9.34,86.46,11.89,46.038055,-123.954038,45.969025,-123.980447,2002002,43204178-2eeb-47f1-bd3e-8e22236a5d80
2020-05-24T23:13:44.000,9.31,86.11,11.85,46.038055,-123.954038,45.969025,-123.980447,2002002,43204178-2eeb-47f1-bd3e-8e22236a5d80
2020-05-24T23:28:44.000,9.25,85.53,11.87,46.038055,-123.954038,45.969025,-123.980447,2002002,43204178-2eeb-47f1-bd3e-8e22236a5d80
2020-05-24T23:43:44.000,9.28,85.86,11.87,46.038055,-123.954038,45.969025,-123.980447,2002002,43204178-2eeb-47f1-bd3e-8e22236a5d80
2020-05-24T23:58:44.000,9.32,86.24,11.88,46.038055,-123.954038,45.969025,-123.980447,2002002,43204178-2eeb-47f1-bd3e-8e22236a5d80
2020-05-25T00:13:44.000,9.31,86.21,11.89,46.038055,-123.954038,45.969025,-123.980447,2002002,43204178-2eeb-47f1-bd3e-8e22236a5d80
2020-05-25T00:28:44.000,9.31,86.18,11.89,46.038055,-123.954038,45.969025,-123.980447,2002002,43204178-2eeb-47f1-bd3e-8e22236a5d80
2020-05-25T00:43:44.000,9.25,85.6,11.89,46.038055,-123.954038,45.969025,-123.980447,2002002,43204178-2eeb-47f1-bd3e-8e22236a5d80
2020-05-25T00:58:44.000,9.24,85.53,11.89,46.038055,-123.954038,45.969025,-123.980447,2002002,43204178-2eeb-47f1-bd3e-8e22236a5d80
2020-05-25T01:13:44.000,9.24,85.54,11.89,46.038055,-123.954038,45.969025,-123.980447,2002002,43204178-2eeb-47f1-bd3e-8e22236a5d80
2020-05-25T01:28:44.000,9.16,84.8,11.89,46.038055,-123.954038,45.969025,-123.980447,2002002,43204178-2eeb-47f1-bd3e-8e22236a5d80
2020-05-25T01:43:44.000,9.13,84.54,11.89,46.038055,-123.954038,45.969025,-123.980447,2002002,43204178-2eeb-47f1-bd3e-8e22236a5d80
2020-05-25T01:58:44.000,9.11,84.34,11.89,46.038055,-123.954038,45.969025,-123.980447,2002002,43204178-2eeb-47f1-bd3e-8e22236a5d80
2020-05-25T02:13:44.000,9.16,84.85,11.91,46.038055,-123.954038,45.969025,-123.980447,2002002,43204178-2eeb-47f1-bd3e-8e22236a5d80
2020-05-25T02:28:44.000,9.21,85.33,11.93,46.038055,-123.954038,45.969025,-123.980447,2002002,43204178-2eeb-47f1-bd3e-8e22236a5d80
2020-05-25T02:43:44.000,9.11,84.45,11.95,46.038055,-123.954038,45.969025,-123.980447,2002002,43204178-2eeb-47f1-bd3e-8e22236a5d80
2020-05-25T02:58:44.000,8.4,77.91,11.97,46.038055,-123.954038,45.969025,-123.980447,2002002,43204178-2eeb-47f1-bd3e-8e22236a5d80
2020-05-25T03:13:44.000,7.37,68.35,11.99,46.038055,-123.954038,45.969025,-123.980447,2002002,43204178-2eeb-47f1-bd3e-8e22236a5d80
2020-05-25T03:28:44.000,7.59,70.43,12.02,46.038055,-123.954038,45.969025,-123.980447,2002002,43204178-2eeb-47f1-bd3e-8e22236a5d80
2020-05-25T03:43:44.000,8.14,75.57,12.03,46.038055,-123.954038,45.969025,-123.980447,2002002,43204178-2eeb-47f1-bd3e-8e22236a5d80
2020-05-25T03:58:44.000,2.82,26.22,12.05,46.038055,-123.954038,45.969025,-123.980447,2002002,43204178-2eeb-47f1-bd3e-8e22236a5d80
2020-05-25T04:13:44.000,0.26,2.4,12.08,46.038055,-123.954038,45.969025,-123.980447,2002002,43204178-2eeb-47f1-bd3e-8e22236a5d80
2020-05-25T04:28:44.000,4.01,37.32,12.12,46.038055,-123.954038,45.969025,-123.980447,2002002,43204178-2eeb-47f1-bd3e-8e22236a5d80
2020-05-25T04:43:44.000,6.87,63.99,12.15,46.038055,-123.954038,45.969025,-123.980447,2002002,43204178-2eeb-47f1-bd3e-8e22236a5d80
2020-05-25T04:58:44.000,5.98,55.73,12.17,46.038055,-123.954038,45.969025,-123.980447,2002002,43204178-2eeb-47f1-bd3e-8e22236a5d80
2020-05-25T05:13:44.000,5.53,51.56,12.19,46.038055,-123.954038,45.969025,-123.980447,2002002,43204178-2eeb-47f1-bd3e-8e22236a5d80
2020-05-25T05:28:44.000,2.3,21.42,12.15,46.038055,-123.954038,45.969025,-123.980447,2002002,43204178-2eeb-47f1-bd3e-8e22236a5d80
2020-05-25T05:43:44.000,1.03,9.56,12.03,46.038055,-123.954038,45.969025,-123.980447,2002002,43204178-2eeb-47f1-bd3e-8e22236a5d80
2020-05-25T05:58:44.000,1.11,10.28,11.94,46.038055,-123.954038,45.969025,-123.980447,2002002,43204178-2eeb-47f1-bd3e-8e22236a5d80
2020-05-25T06:13:44.000,7.05,65.25,11.9,46.038055,-123.954038,45.969025,-123.980447,2002002,43204178-2eeb-47f1-bd3e-8e22236a5d80
2020-05-25T06:28:44.000,9,83.24,11.87,46.038055,-123.954038,45.969025,-123.980447,2002002,43204178-2eeb-47f1-bd3e-8e22236a5d80
2020-05-25T06:43:44.000,8.26,76.3,11.83,46.038055,-123.954038,45.969025,-123.980447,2002002,43204178-2eeb-47f1-bd3e-8e22236a5d80
2020-05-25T06:58:44.000,5.61,51.85,11.8,46.038055,-123.954038,45.969025,-123.980447,2002002,43204178-2eeb-47f1-bd3e-8e22236a5d80
2020-05-25T07:13:44.000,2.51,23.19,11.78,46.038055,-123.954038,45.969025,-123.980447,2002002,43204178-2eeb-47f1-bd3e-8e22236a5d80
2020-05-25T07:28:44.000,1.01,9.29,11.75,46.038055,-123.954038,45.969025,-123.980447,2002002,43204178-2eeb-47f1-bd3e-8e22236a5d80
2020-05-25T07:43:44.000,2.16,19.88,11.73,46.038055,-123.954038,45.969025,-123.980447,2002002,43204178-2eeb-47f1-bd3e-8e22236a5d80
2020-05-25T07:58:44.000,4.38,40.33,11.71,46.038055,-123.954038,45.969025,-123.980447,2002002,43204178-2eeb-47f1-bd3e-8e22236a5d80
2020-05-25T08:13:44.000,2.02,18.57,11.66,46.038055,-123.954038,45.969025,-123.980447,2002002,43204178-2eeb-47f1-bd3e-8e22236a5d80
2020-05-25T08:28:44.000,0.2,1.84,11.64,46.038055,-123.954038,45.969025,-123.980447,2002002,43204178-2eeb-47f1-bd3e-8e22236a5d80
2020-05-25T08:43:44.000,0.07,0.67,11.64,46.038055,-123.954038,45.969025,-123.980447,2002002,43204178-2eeb-47f1-bd3e-8e22236a5d80
2020-05-25T08:58:44.000,5.21,47.91,11.64,46.038055,-123.954038,45.969025,-123.980447,2002002,43204178-2eeb-47f1-bd3e-8e22236a5d80
2020-05-25T09:13:44.000,1.64,15.13,11.69,46.038055,-123.954038,45.969025,-123.980447,2002002,43204178-2eeb-47f1-bd3e-8e22236a5d80
2020-05-25T09:28:44.000,5.33,49.19,11.73,46.038055,-123.954038,45.969025,-123.980447,2002002,43204178-2eeb-47f1-bd3e-8e22236a5d80
2020-05-25T09:43:44.000,5.88,54.31,11.81,46.038055,-123.954038,45.969025,-123.980447,2002002,43204178-2eeb-47f1-bd3e-8e22236a5d80
2020-05-25T09:58:44.000,8.02,74.24,11.87,46.038055,-123.954038,45.969025,-123.980447,2002002,43204178-2eeb-47f1-bd3e-8e22236a5d80
2020-05-25T10:13:44.000,8.21,76,11.91,46.038055,-123.954038,45.969025,-123.980447,2002002,43204178-2eeb-47f1-bd3e-8e22236a5d80
2020-05-25T10:28:44.000,9.12,84.46,11.92,46.038055,-123.954038,45.969025,-123.980447,2002002,43204178-2eeb-47f1-bd3e-8e22236a5d80
2020-05-25T10:43:44.000,9.28,85.91,11.92,46.038055,-123.954038,45.969025,-123.980447,2002002,43204178-2eeb-47f1-bd3e-8e22236a5d80
2020-05-25T10:58:44.000,9.25,85.65,11.92,46.038055,-123.954038,45.969025,-123.980447,2002002,43204178-2eeb-47f1-bd3e-8e22236a5d80
2020-05-25T11:13:44.000,9.21,85.37,11.94,46.038055,-123.954038,45.969025,-123.980447,2002002,43204178-2eeb-47f1-bd3e-8e22236a5d80
2020-05-25T11:28:44.000,9.18,85.08,11.96,46.038055,-123.954038,45.969025,-123.980447,2002002,43204178-2eeb-47f1-bd3e-8e22236a5d80
2020-05-25T11:43:44.000,9.17,85.05,11.98,46.038055,-123.954038,45.969025,-123.980447,2002002,43204178-2eeb-47f1-bd3e-8e22236a5d80
2020-05-25T11:58:44.000,9.15,84.92,12.01,46.038055,-123.954038,45.969025,-123.980447,2002002,43204178-2eeb-47f1-bd3e-8e22236a5d80
2020-05-25T12:13:44.000,9.17,85.19,12.03,46.038055,-123.954038,45.969025,-123.980447,2002002,43204178-2eeb-47f1-bd3e-8e22236a5d80
2020-05-25T12:28:44.000,9.09,84.43,12.03,46.038055,-123.954038,45.969025,-123.980447,2002002,43204178-2eeb-47f1-bd3e-8e22236a5d80
2020-05-25T12:43:44.000,8.79,81.55,12.01,46.038055,-123.954038,45.969025,-123.980447,2002002,43204178-2eeb-47f1-bd3e-8e22236a5d80
2020-05-25T12:58:44.000,8.02,74.41,12.01,46.038055,-123.954038,45.969025,-123.980447,2002002,43204178-2eeb-47f1-bd3e-8e22236a5d80
2020-05-25T13:13:44.000,3.66,33.93,12,46.038055,-123.954038,45.969025,-123.980447,2002002,43204178-2eeb-47f1-bd3e-8e22236a5d80
